<?xml version="1.0" encoding="utf-8"?>
<modification>
  <name>Кнопки плюс/минус в корзине</name>
  <code>buttons_plus_minus_shopping_cart</code>
  <version>1.0</version>
  <author>shopmaster</author>
	<link>https://freelance.ru/shopmaster</link>
	<file path="catalog/view/theme/*/template/checkout/cart.twig">
		<operation error="skip">
			<search><![CDATA[ <form action="{{ action }}" method="post" enctype="multipart/form-data"> ]]></search>
			<add position="replace"><![CDATA[
			<form action="{{ action }}" method="post" id="cart-qty" enctype="multipart/form-data">
			]]></add>
		</operation>
		<operation error="skip">
			<search  index="0"><![CDATA[ <div class="input-group btn-block" style="max-width: 200px;"> ]]></search>
			<add position="replace"><![CDATA[
			<div class"qty-block" style="display:none;">
			]]></add>
		</operation>
		<operation error="skip">
			<search><![CDATA[  <input type="text" name="quantity[{{ product.cart_id }}]" value="{{ product.quantity }}" size="1" class="form-control" /> ]]></search>
			<add position="replace"><![CDATA[
			<span></span>
			]]></add>
		</operation>
		<operation error="skip">
			<search><![CDATA[ <div class"qty-block" style="display:none;"> ]]></search>
			<add position="before"><![CDATA[
			<div class="qty-wrapper">
				<div class="number" data-step="1" data-min="1" data-max="5000" style="display:inline;">
          <button type="button" data-id="1" data-qty="-1" class="btn btn-primary number-minus"><i class="fa fa-minus"></i></button>
          <input type="text" name="quantity[{{ product.cart_id }}]" value="{{ product.quantity }}" size="1" class="number-text" />
          <button type="button" data-id="1" data-qty="1" class="btn btn-primary number-plus"><i class="fa fa-plus"></i></button>
        </div>
                 
        <button type="button" data-toggle="tooltip" title="{{ button_remove }}" class="btn btn-danger" onclick="cart.remove('{{ product.cart_id }}');"><i class="fa fa-times-circle"></i></button>
			]]></add>
		</operation>
		<operation error="skip">
			<search><![CDATA[ <div class="panel-group" id="accordion"> ]]></search>
			<add position="before"><![CDATA[
   			 <script>
          $("body").on("click", ".number-minus, .number-plus", function () {
						var $row = $(this).closest(".number");
						var $input = $row.find(".number-text");
            var step = $row.data("step");
            var val = parseFloat($input.val());
            if ($(this).hasClass("number-minus")) {
              val -= step;
            } else {
              val += step;
            }
            $input.val(val);
            $input.change();
            $("#cart-qty").submit();
          });
        </script>
			]]></add>
		</operation>
  </file>
</modification>